cluster,años_cumplidos,news2_score,fc,sao2,num_farmacos
0,26.181818181818183,3.484848484848485,85.36363636363636,94.42424242424242,2.3333333333333335
1,31.6,2.690909090909091,90.04545454545455,95.48181818181818,0.19090909090909092
2,37.577777777777776,6.4,107.15555555555555,91.68888888888888,0.3111111111111111
